Location,Title,Company,Url
"Santiago, Santiago Metropolitan Region, Chile",Data Scientist,NeuralWorks,https://cl.linkedin.com/jobs/view/data-scientist-at-neuralworks-3623665055?refId=qwPPNYJgg5duO7AWiBeZTA%3D%3D&trackingId=%2BEntdOy5ylPU7JA2m7e2kQ%3D%3D&position=1&pageNum=0&trk=public_jobs_jserp-result_search-card
"Santiago, Santiago Metropolitan Region, Chile",Data Scientist,BICE VIDA,https://cl.linkedin.com/jobs/view/data-scientist-at-bice-vida-3598461035?refId=qwPPNYJgg5duO7AWiBeZTA%3D%3D&trackingId=n4%2FIOgtb7AyDCHjTNE0bUg%3D%3D&position=2&pageNum=0&trk=public_jobs_jserp-result_search-card
"Providencia, Santiago Metropolitan Region, Chile",Data Scientist - Career,Equifax,https://cl.linkedin.com/jobs/view/data-scientist-career-at-equifax-3627890214?refId=qwPPNYJgg5duO7AWiBeZTA%3D%3D&trackingId=O%2BJbfO7sd%2BHQ5%2FTUm8%2Fd1w%3D%3D&position=3&pageNum=0&trk=public_jobs_jserp-result_search-card
"Santiago, Santiago Metropolitan Region, Chile",Machine Learning Engineer,Michael Page,https://cl.linkedin.com/jobs/view/machine-learning-engineer-at-michael-page-3611160890?refId=qwPPNYJgg5duO7AWiBeZTA%3D%3D&trackingId=Zx5PIkYPDLvNYAuKjIA89g%3D%3D&position=4&pageNum=0&trk=public_jobs_jserp-result_search-card
Santiago Metropolitan Area,Data Scientist,MyDNA,https://cl.linkedin.com/jobs/view/data-scientist-at-mydna-3590149642?refId=qwPPNYJgg5duO7AWiBeZTA%3D%3D&trackingId=KuwDb3COJAz1QqYCKeQXeQ%3D%3D&position=5&pageNum=0&trk=public_jobs_jserp-result_search-card
Santiago Metropolitan Area,Data Scientist- Remoto,Michael Page,https://cl.linkedin.com/jobs/view/data-scientist-remoto-at-michael-page-3577797869?refId=qwPPNYJgg5duO7AWiBeZTA%3D%3D&trackingId=YBIafkg61dRIMnNOmlbNxQ%3D%3D&position=6&pageNum=0&trk=public_jobs_jserp-result_search-card
"Santiago, Santiago Metropolitan Region, Chile",#318 Data Scientist,The Bridge Social,https://cl.linkedin.com/jobs/view/%23318-data-scientist-at-the-bridge-social-3590307573?refId=qwPPNYJgg5duO7AWiBeZTA%3D%3D&trackingId=gcMW9%2FIVXSFCWIIkIKyj7A%3D%3D&position=7&pageNum=0&trk=public_jobs_jserp-result_search-card
"Providencia, Santiago Metropolitan Region, Chile",Data Scientist - Career,Equifax,https://cl.linkedin.com/jobs/view/data-scientist-career-at-equifax-3616987757?refId=qwPPNYJgg5duO7AWiBeZTA%3D%3D&trackingId=fNcouZXfvKl6qGjxapOhRA%3D%3D&position=8&pageNum=0&trk=public_jobs_jserp-result_search-card
"Santiago, Santiago Metropolitan Region, Chile",Data Scientist,COSMOS Save Energy,https://cl.linkedin.com/jobs/view/data-scientist-at-cosmos-save-energy-3598454526?refId=qwPPNYJgg5duO7AWiBeZTA%3D%3D&trackingId=l0AXb5j7s2UUOOkhlibo3g%3D%3D&position=9&pageNum=0&trk=public_jobs_jserp-result_search-card
"Las Condes, Santiago Metropolitan Region, Chile",Digital Data Scientist - Las Condes,GRUPO PROGESTION,https://cl.linkedin.com/jobs/view/digital-data-scientist-las-condes-at-grupo-progestion-3582175015?refId=qwPPNYJgg5duO7AWiBeZTA%3D%3D&trackingId=phQLhBtKHQv1a3eJITTk8g%3D%3D&position=10&pageNum=0&trk=public_jobs_jserp-result_search-card
"Santiago, Santiago Metropolitan Region, Chile",Data Scientist,Page Personnel,https://cl.linkedin.com/jobs/view/data-scientist-at-page-personnel-3619754903?refId=qwPPNYJgg5duO7AWiBeZTA%3D%3D&trackingId=hQRRehXaYmH%2BlQq%2Bsq6vgA%3D%3D&position=11&pageNum=0&trk=public_jobs_jserp-result_search-card
"Las Condes, Santiago Metropolitan Region, Chile",Digital Data Scientist - Las Condes,GRUPO PROGESTION,https://cl.linkedin.com/jobs/view/digital-data-scientist-las-condes-at-grupo-progestion-3582170606?refId=qwPPNYJgg5duO7AWiBeZTA%3D%3D&trackingId=f7PvXQZqlv5Ju%2BGv4q0SIg%3D%3D&position=12&pageNum=0&trk=public_jobs_jserp-result_search-card
"Santiago, Santiago Metropolitan Region, Chile",(JG) Data Scientist – Contrato Indefinido.,BC Tecnología,https://cl.linkedin.com/jobs/view/jg-data-scientist-%E2%80%93-contrato-indefinido-at-bc-tecnolog%C3%ADa-3603556549?refId=qwPPNYJgg5duO7AWiBeZTA%3D%3D&trackingId=8H%2FETbT2WevtQV0XfhvEoQ%3D%3D&position=13&pageNum=0&trk=public_jobs_jserp-result_search-card
"Santiago, Santiago Metropolitan Region, Chile",Machine (JG) Learning Engineer GCP– Contrato Indefinido.,BC Tecnología,https://cl.linkedin.com/jobs/view/machine-jg-learning-engineer-gcp%E2%80%93-contrato-indefinido-at-bc-tecnolog%C3%ADa-3603552802?refId=qwPPNYJgg5duO7AWiBeZTA%3D%3D&trackingId=su77rhKva3KJatBbx2L5qw%3D%3D&position=14&pageNum=0&trk=public_jobs_jserp-result_search-card
"Santiago, Santiago Metropolitan Region, Chile",Data Scientist,PMA Design,https://cl.linkedin.com/jobs/view/data-scientist-at-pma-design-3613677618?refId=qwPPNYJgg5duO7AWiBeZTA%3D%3D&trackingId=wby99LVnWCS3oXCsvJKB3w%3D%3D&position=15&pageNum=0&trk=public_jobs_jserp-result_search-card
"Santiago, Santiago Metropolitan Region, Chile",Data Scientist,PMA Design,https://cl.linkedin.com/jobs/view/data-scientist-at-pma-design-3613678502?refId=qwPPNYJgg5duO7AWiBeZTA%3D%3D&trackingId=DjoCrBUhyecHuCKNOXJq6Q%3D%3D&position=16&pageNum=0&trk=public_jobs_jserp-result_search-card
"Santiago, Santiago Metropolitan Region, Chile",Data Scientist,Michael Page,https://cl.linkedin.com/jobs/view/data-scientist-at-michael-page-3575868022?refId=qwPPNYJgg5duO7AWiBeZTA%3D%3D&trackingId=fPJ6Lgc3wijRlM0Vz617Qg%3D%3D&position=17&pageNum=0&trk=public_jobs_jserp-result_search-card
"Santiago, Santiago Metropolitan Region, Chile",Desarrollador (React /Python),BC Tecnología,https://cl.linkedin.com/jobs/view/desarrollador-react-python-at-bc-tecnolog%C3%ADa-3623660685?refId=qwPPNYJgg5duO7AWiBeZTA%3D%3D&trackingId=TBl8ej3hR%2FpSPuiFcIbNTw%3D%3D&position=18&pageNum=0&trk=public_jobs_jserp-result_search-card
"Santiago, Santiago Metropolitan Region, Chile",Data Scientist (Python/SQL) (Remote) (7750 USD/Mes),Listopro,https://cl.linkedin.com/jobs/view/data-scientist-python-sql-remote-7750-usd-mes-at-listopro-3623295361?refId=qwPPNYJgg5duO7AWiBeZTA%3D%3D&trackingId=eT2Pjrj%2FRV0CPc%2BLMUO8ug%3D%3D&position=19&pageNum=0&trk=public_jobs_jserp-result_search-card
"Las Condes, Santiago Metropolitan Region, Chile",Data Scientist Senior,Equifax,https://cl.linkedin.com/jobs/view/data-scientist-senior-at-equifax-3623768785?refId=qwPPNYJgg5duO7AWiBeZTA%3D%3D&trackingId=7oN0UpITBE1zsWA1rYqkMA%3D%3D&position=20&pageNum=0&trk=public_jobs_jserp-result_search-card
"Santiago, Santiago Metropolitan Region, Chile",Líder Data Scientist,Alaya,https://cl.linkedin.com/jobs/view/li%CC%81der-data-scientist-at-alaya-3617679420?refId=qwPPNYJgg5duO7AWiBeZTA%3D%3D&trackingId=4i20NLgpky52nwRMLHSWAw%3D%3D&position=21&pageNum=0&trk=public_jobs_jserp-result_search-card
"Las Condes, Santiago Metropolitan Region, Chile",Data Scientist Senior,Equifax,https://cl.linkedin.com/jobs/view/data-scientist-senior-at-equifax-3624830392?refId=qwPPNYJgg5duO7AWiBeZTA%3D%3D&trackingId=0KYsCRSNSinPjGhWj%2Fx6bw%3D%3D&position=22&pageNum=0&trk=public_jobs_jserp-result_search-card
"Las Condes, Santiago Metropolitan Region, Chile",Data Scientist Senior,Equifax,https://cl.linkedin.com/jobs/view/data-scientist-senior-at-equifax-3622887789?refId=qwPPNYJgg5duO7AWiBeZTA%3D%3D&trackingId=THjNiVgBFVl89nnNXAfI9g%3D%3D&position=23&pageNum=0&trk=public_jobs_jserp-result_search-card
"Providencia, Santiago Metropolitan Region, Chile",Data Scientist - Intermediate,Equifax,https://cl.linkedin.com/jobs/view/data-scientist-intermediate-at-equifax-3616983978?refId=qwPPNYJgg5duO7AWiBeZTA%3D%3D&trackingId=bs7QqcYioJpO2LokNhv5YA%3D%3D&position=24&pageNum=0&trk=public_jobs_jserp-result_search-card
"Las Condes, Santiago Metropolitan Region, Chile",Digital Data Scientist con experiencia en empresas de consumo masivo,GRUPO PROGESTION,https://cl.linkedin.com/jobs/view/digital-data-scientist-con-experiencia-en-empresas-de-consumo-masivo-at-grupo-progestion-3613681094?refId=qwPPNYJgg5duO7AWiBeZTA%3D%3D&trackingId=V1KVa06fqGcdW1xyVMJJFw%3D%3D&position=25&pageNum=0&trk=public_jobs_jserp-result_search-card
